Sunset reflections in Wasilla Alaska,1
The Ghost Mountains Kamchatka Photo Isabella Tabacchi OS,0
Views of Denali and the Alaska Range,1
"Boulder Beach" - Minnesota ,1
Reflections at the Eklutna Tailrace in Alaska,1
Sunrise over the Rockies Early morning flight to Calgary and with some clever use of a cp filter to counter the filter on the plane window awarded me this shot,0
Aurora Meets Milky Way and Glaciers Iceland ,0
Black basalt waterfall at Svartifoss Iceland,0
Forever lurker but couldn‚Äôt help posting this picture from the Katla Ice Cave in M√Ωrdalshreppur Iceland ,0
Fairy Pools Havasu Creek Arizona,1
Monument Valley under the stars,0
 The Canadian Rockies being peaceful af,0
Vestrahorn Iceland  ,0
One of my favorite Dutch Rebels called 'Heartbreaker' Taken in a flowerfield in South-Holland The Netherlands,0
Sunrise in Yellow Stone Park USA  ,1
The Narrows Zion NP Utah ,0
The Quiraing Scotland on a moody winter afternoon,0
Lake Superior Marquette Michigan,1
Caught a glimpse of the sunrise along Havasu Creek ,1
Gollinger Waterfall Austria ,0
Reflections on Cannon Beach OR ,1
"Mythical place" in Fairy Forest Pulga Himachal Pradesh India,0
| Secret Lake Northern Michigan | ,1
Peyto Lake in Banff Canada Oct ,0
years old English oak Wiltshire UK ,0
Yes the sky is really that blue Aspens in the Sangre de Cristo Mountains near Santa Fe NM ,1
Somewhere along the Pacific Coast Highway CA ,0
Stunning sunset at Ko Olina in Oahu Hawaii ,0
The sun rising over this magnificent planet Torres Del Paine ,0
Lone Tree Hamersley Ranges Western Australia ,0
am in the Enchantments Alpine Lakes Wilderness Washington,1
Alstrom Point great overllok over Lake Powell Arizona ,1
Blue Lake and Liberty Bell Mountain WA under their first snowfall back in October,1
Way out west in the Big Sky State trail head in Red Lodge Montana ,1
Cozy little spot in Washington ,1
Sunrise in Wanaka New Zealand  ,0
This triangular mountain and his cloud friend in Banff NP Canadax,0
dunkel heritage trail in Scotland,0
Grand Canyon - Hundred and Twenty Mile Creek ,0
Spring arrived Switzerland ,0
Great Sand Dunes National Park and Preserve  ,1
Death Valley national park ,1
A crisp morning in Boulder ColoradoX,1
Tree practising social distancing the Netherlands ,0
The sun ending it's shift at Hvaler Norway ,0
Lush countryside Virginia,1
Afternoon in the Sugarpines Laurel Hill Australia ,0
Boka Wandomi  Curacao ,0
A sandstorm from the UAE,0
Purcell Mountains British Columbia -  ,0
Ai-Petri District Crimea ,0
Reed Lakes- Alaska  ,1
Isolated hike in Skagway Alaska USA,1
Rockwood Ontario,0
 Wish Flower Taken in the provence of Drenthe The Netherlands,0
Lonesome tree on our road trip through France,0
Last light in the canyon Applegate River Oregon ,1
Namuang waterfall koh samui Thailand,0
Spring Flower at Sunrise in Arizona,1
From below Rio Cares Spain,0
Two-colored sunset by the sea  Munkkiniemi Helsinki Finland  7,0
Vibrant Sunset reflecting in the water in southern Germany,0
Tre Cime di Lavaredo Italy ,0
Paradise Mt Rainier NP ,1
Golden sunset over the clouds on top of Madeira Portugal,0
Spring snow in British Columbia ,0
Breaking the Kansas landscape stereotype Mushroom Rock State Park ,0
Biokovo mountains in Croatia,0
Arthurs Pass New Zealand ,0
Archalligan forest - Isle of Man,0
Moss on a rock in Harriman state park NY  ,1
Cascades with no name - Pisgah National Forest NC ,1
Castle Mountain Rocky Mountains Canada,0
Rarely published photograph of Lower Antelope Canyon the entrance Untold amazement lies inside this unassuming little crack in the groundx,1
Easily the most Earth porny place I‚Äôve ever been - Southern Coast of Iceland  ,0
Beaver Falls Havasupai Indian Reservation Arizona,1
Sun sets in Nelligala Srilanka,0
Florida Canyon San Diego CA ,1
Rainbow somewhere in Montana  ,0
"Standing Still" - California ,1
Lake Michigan sunset,1
pm sunset after a brief storm at Peyto Lake in the Canadian Rockies We had the whole place to ourselves What an experience  x,0
Petit Piton St Lucia a volcanic plug by the Caribbean Sea  m /  ft tall,0
Aurora Meets Milky Way and Glaciers Iceland ,0
This place is probably my most treasured in England Brimham Rocks North Yorkshire UK ,0
Death Valley California USA ,1
Columbia Icefield Jasper National Park AB Canada ,0
Shannon Falls British Columbia  ,0
D I S T A N C E - Denmark ,0
Shot I took of my Dad‚Äôs childhood swim spot Gordon Falls Eastern Canada ,0
Mountains of sunshine Estonia Valgehobusem√§e ,0
Walking on Root Glacier in Wrangell-St Elias NP Alaska,1
Took some isolated roads to this hidden gem in southern Utah  ,1
Nice little spot in Lynn Canyon British Columbia  ,0
Karst spring "Haidgauer Quellseen‚Äú Germany ,0
Apostles Australia  ,0
Kasauli Himachal Pradesh India ,0
Never Never River Bellingen NSW Australia ,0
Tree - Kingston Ontario,0
The Top of One of The Three Sisters | Blue Mountains Australia ,0
Turbulent wind rain and sea spray made these monuments on a Norwegian beach Annvor Undheimx,0
Exploring Yosemite in  before the animals reclaimed the park as their own   x,1
Stormy horizon in La Jolla CA ,1
Koosah Falls Oregon,1
The Ozark Trail weaving through a lush bottomland forest near the Huzzah River Missouri ,1
Cliffside Point Dume Malibu  Ca,1
Old forest in Arizona,1
Where the river meets the Pacific the waterfalls at Sandcut Beach British Columbia Canada,0
Enjoy this calming moonset behind the mountains that surround Lake Tahoe California ,1
Glacier National Park Montana USA,1
Amazing green karst spring water shot with polarizing filter Haidgauer Quellseen Germany ,0
Avalanche Lake Glacier National Park Montana  -,1
Yosemite last September ,1
Serenity of Himalayas Himachal Pradesh India,0
Matterhorn  m reflected in Riffelsee lake Zermatt,0
A river runs through Virginia USA,1
A river in the forrest Adelboden Switzerland,0
On the Trail to Colombia‚Äôs ‚ÄúLost City‚Äù in the Sierra Nevada de Santa Marta ,0
Grand Canyon - Bass Rapids ,1
Rainbow Lake Australian Alps ,0
"Boulder Canyon" - Imlay Boulder deep in the Zion Narrows UT,1
Panoramic Sunset on Isle of Skye Scotland  ,0
"Emerald Beauty" - Varkala India  ,0
North Suicide Peak from South Suicide Peak Alaska ,0
degree night sky with star trails at night in Joshua Tree NP CA,0
Injidup Natural Spa Western Australia ,0
Greenland Narsarsuaq at night near the airport ,0
Sunlight & Trees near "Luerwald" Bachum Arnsberg Sauerland Northrhine Westfalia Germany,0
Oahu Hawaii USA  princerphoto  ,1
A moody sunset on the Australian Coast,0
Nerang National Park Gold Coast Queensland Australia,0
Joffre Falls Karijini National Park in Western Australia ,0
Beautiful Nanga Parbat Pakistan,0
Sunrise at Trumbull Lake CA ,1
Serene landscape over Fairbanks Alaska üá∫üá∏ ,1
Amazing rock form at Karlu Karlu/Devil's Marbles Conservation Reserve Central Australia Taken in the early evening ,0
Lady Falls Strathcona Provincial Park Canada,0
Above the clouds in Cordova AK  ,1
It's not as pretty as some of the other earth porn in here but damn was this tree happy to see me tarra bulga national park Victoria Australia,0
Killalea Reserve Shellharbour NSW Australia  ,0
Mount Rainier WA ,1
Tolmie Peak Fire Lookout Mt Rainier Nat'l Park,0
Green Lakes Vilnius Lithuania ,0
Grand Canyon of the Yellowstone from artists point last July when the falls were roaring,0
Second beach WA USA,1
Death Valley National Park CA ,1
Lac O'Hara BC Canada ,0
View from 'Steirische Kalkspitze' - Styria Austria,0
The Moon aligned over Wizard's Hat at Bandon Oregon,1
Pine Forest Eastern Washington  ,1
A microburst rolls over the Toiyabe mountains near Austin Nevada,1
Sawtooth mountains Stanley Idaho,1
Foggy Sunrise North Manitou Island Michigan,1
Lovely lake in the woods Estonia Valgehobusem√§e ,0
The crazy beautiful Lake Tekapo New Zealand,0
Keri√∞ Crater Lake Iceland ,0
 Abiquiu NM,1
Yosemite  back when being alone was recreation instead of obligation  ,1
Appalachian trail white mountains NH near Mt Garfield ,1
Angels Landing Zion National Park ,1
Fall at Kebler Pass CO featuring the largest aspen stand in the US,1
Grand Canyon ,0
The Portal of Beauty - Arkansas ,0
Ocala National Forest ,1
Bioluminescent waves Oceanside California,1
Just outside of Riverside CA is a gem of a landscape  ,1
Golden hour at Sandia Crest New Mexico  feet above sea level  x,1
Mount Ngauruhoe/Red Crater New Zealand,0
What the sky looks like in the highlands in Iceland at  am in July more of my landscape photography at  glacionaut,0
Coconino National Forest Arizona,1
Josefshatel Waterfall in Bavaria,0
Downflow Bishop Creek Ca,1
Rocky Mountain National Park Colorado ,1
Cold sunrise in Grude Bosnia and Herzegovina,0
California Dreamin' on such a winter's day  ,0
Amazing views from Puerto de la Cruz Tenerife Spain  resolution,0
Isolated Beach of Thambapanni Wilpattu Sri Lanka Where the first migrants from India landed in Sri Lanka to start a civilization,0
Nevada Falls Yosemite NP ,1
Orange glows at Eze beach France,0
Iceland's midnight sunlight over Sk√≥gafoss ,0
Ardent Montriond Haute Savoie France,0
"Homer's Vision Quest" at Kofa NWR Arizona ,1
Isle Of Skye Scotland,0
Horseshoe Bend at sunset andrewattsbro,0
Hanging Lake CO USA ,1
Mountain views and Blue hues in Nepal ,0
Brandywine Falls in BC Canada ,0
HaleakalƒÅ National Park in Hana Maui Hawaii ,1
Bailey Colorado,1
Dawn on the beach Punta Cana Dominican Republic ,0
Plitvice Lakes Croatia,0
Grand Canyon Arizona - Shot from a Helicopter,1
NƒÅ Pali Coast from helicopter  ,1
Palm filled Valleys on La Gomera during Golden Hour,0
Sunset catching low cloud over Castell y Gwynt - Snowdonia ,1
Yunnan Chinax,0
Lake Tahoe Nevada ,1
Can't you just feel the icy morning air in this photo? Sunrise in Montana,1
The Chmineys - Linville Gorge NC,1
Missing the bluebells this year but excited to see them again next year with luck! Brecon Beacons National Park Wales  x,0
Lac O'Hara BC Canada I don't how to turn this picture,0
Yosemite National Park under the stars,1
Juneau Alaska,1
A beautiful spot along Robert Ridge Route NZ ,0
Redrock curves in the Utah desert,1
Simien Mountain National Park Ethiopia ,0
Mount Taranaki New Zealand,0
Hazy layers in Sequoia NP,1
Sunrise along the Turnagain Arm ,1
Salt Tower at Monolake California ,1
Mountain layers - Madulsima Sri Lanka ,0
Johnston Canyon,1
Aekingerzand before sunrise  ,0
Fjellv√•knuten Norway,0
Recently discoverd this forest it's beautifull Kampina the netherlands√ó,0
The Three Sisters | Blue Mountains Australia ,0
Hoodoos viewpoint Banff AB back in September,0
Wilsons Promontory ,0
Ella Bay National Park Queensland Australia,0
The magnificent unedited Rhyolite mountains of Iceland's interior,0
Chilkat Range/Lynn canal Juneau Alaska,1
Miyakejima a volcanic island belonging to Tokyo Japan,0
Sunol Regional Wilderness CA ,1
St John USVI - Rams Head looking back over Blue Cobblestone Beach ,0
Athabasca Falls,0
Andes Mountains Santa Teresa Peru ,0
Tunnel View Yosemite NP,1
Base of Longs Peak CO   ,1
A Dying Tornado Kansas USA ,1
Valley of Fire Nevada ,1
Jabl-e-MehdiMountain of Mehdi Gwadar Balochistan Pakistan ,0
Black and red lava blue sky with white clouds green trees Sunset Crater Volcano Arizona USA ,1
Blubells under lockdown Hampshire UK,0
Canyonlands Utah USA,1
The Wave Arizona ,1
Ancient Araucaria Trees in the Sanctuary El Ca√±i Chile,0
A nice night spent photographing the Milky Way in the Adirondacks NY last Fall,0
Aletsch Glacier in Wallis Switzerland,0
K√∂nigssee from St Bartholom√§ - Germany is stunning√ó,0
Heart-shaped lake in Alaska üá∫üá∏,1
Wild Goose Island Montana,1
McArt's Fort Belfast Northern Ireland,0
Caraz Ancash Andes Mountains Peru ,0
Rise of the super moon behind the Schreckhorn m/ft - the northernmost four-thousand-metre peak in Europe,0
This place is incredible Lofoten Islands Norway ,0
Tree in the Serengeti,0
Big Bend National Park Texas United States  x,1
Cave Creek AZ In April ,1
Even in bad weather New Zealand is beautiful Aoraki/Mount Cook National Park ,0
Lago Di Sorapis - Gatorade lake in The Dolomites ,0
Twilight Peak Colorado USA,1
Sunrise in Zion National Park Utah The sun hitting the mountain was one of the most natural golden sights I‚Äôve ever seen ,1
Garden of the Gods Colorado USA,1
Walk through the forest Germany ,0
Winter woodland sun Fife Scotland ,0
Gullfoss Waterfall Iceland,0
Snowy shore Estonia ,0
Natural Sculptures at Arches National Park Utah,1
Muley Point West Utah ,1
Peaking through RaleighNC,0
Lake Ohrid Macedonia UNESCO World Heritage Site One of the three oldest lakes in the world,0
Salkantay Glacier Peru ,0
"Opposing Forces" - Colorado in Autumn ,1
Mt Rainier from Tipsoo Lake WA,1
Three Arch Rocks National Wildlife Refuge Oceanside OR,0
Fru≈°ka Gora Serbia Autumn of ,0
Life flowing Yosemite National Park CA ,1
Reed sunset Germany ,0
Single Exposure of the Milky Way Rising over Porters Pass NZ x,0
Maroon Bells near Aspen Colorado,1
Milky Way reflection in lake Panorama Ridge Canada ,0
Glacier in Alaska ,1
Salt Creek Falls Oregon,1
Front yard Stateline NV ,1
Antarctic sunset cruise ,1
Where The Great Barrier Reef Touches The Rainforest | Daintree Rainforest Australia ,0
Waterfall on Kew Mae Pan trail Doi Inthanon National Park Thailand MP,0
Milky Way over Brazil,0
Three states of matter of water in one photo! Western Norway,0
Mt Rainier towers over clouds and Washington Wildflowers,1
The Waterfall of Gods Godafoss Iceland ,0
Long exposure of Cove Harbour at dusk Cove Harbour Scottish Borders Scotland  x,0
An Amazing Event at Seljalandsfoss Iceland ,0
The sun is the same in a relative way but you're older Thailand ,0
McDowell Sonoran Preserve AZ ,1
Lowest point in North America // Badwater Basin Death Valley National Park ,1
Zion National Park Utah,1
Oahu Hawaii USA  princerphoto  ,1
Kloochman Rock just before a huge storm engulfed Mt Rainier National Park,1
Zugspitze from Eibsee Germany ,0
Vermillion Cliffs Arizona United States ,1
Teewinot Mountain at sunset with the Grand Teton obstructed by clouds Wyoming USA ,1
Glenfinnan Scotland ,0
Morning cycle through Gorrick Plantation ,0
Jackson Lake Grand Teton National Park Wyoming USA,1
The road to Ama Dablam  ,0
Valley of Lauterbrunnen Switzerland ,0
Fall in Eureka Alaska,1
Hiking along Lago Skottsberg Patagonia W Trek,0
Piz Gl√ºschaint among others St Moritz Switzerland,0
My take on the The Waterfall Of The Gods Gullfoss Iceland ,0
Sunset at Punggol Singapore ,0
Fiordland New Zealand ,0
Those snowy and icy mornings in Canada! Always beautiful!,0
Teddy Roosevelt National Park has been making old dead wood look good for millions of years,1
Mojave Desert Dunes ,0
Winter at Tew's Falls ,0
Deja Vu High noon reflections at Eagle River Nature Center Alaska,1
A misty morning in Ha Long Bay in North Eastern Vietnam ,0
üåä Mystic Beach Vancouver Island BC  ,0
A Bluebell Grove in a Forest Suffolk England ,0
Hike at Koke‚Äôe State Park facing the NƒÅ Pali Coast Hawaii ,0
Aekingerzand in the summer  ,0
Lake Tekapo New Zealand,0
Mid-April snow storm in Hinckley Ohio  ,1
Sunset Last Night on the Bruce Trail Flamborough Ontario ,0
Gullfoss spills into the Hv√≠t√° River southern Iceland  ,0
An eerie morning in the Forest of Nisene Marks  ,1
Kuang Si Falls Laos ,0
Beautiful sand hill in the desert Morocco,0
View from the summit of Pike's Peak CO,1
Flatrock River location Indiana ,1
Just the view from our balcony CGN Germany,0
Better bays ahead - Central Coast CA ,0
Lake Angelus NZ  ,0
Clear day in the High Tatras Slovakia ,0
Sunset Storm over the Black Canyon of the Gunnison,1
Deep inside Hancock Gorge in Karijini National Park Western Australia ,0
Just found this sub  This has been my screensaver since last summer Scotland Elgin ,0
Forest and mountains in Tyrol Austria,0
A magical moment in the beautiful Fanal forest on Madeira Portugal,0
Arches Moab UT,1
South Africa ,0
Garmisch-Partenkirchen Germany ,0
Evening in Greece took this in one of my lonely walks during this quarantine,0
Starina water reservoir Eastern Slovakia ,0
Lake Queenstown from the top of Ben Lomond NZ,0
Last weeks sunset on my fathers Arizona ranch,1
Skazka Canyon Kyrgyzstan  ,0
ZBoaz Park - Faerie Copse in Benbrook TX,0
Spiring trees Slovakia ,0
Fools Gold K√°lfafellstindur Iceland,0
Fantastic beach in Gran Canaria Spain,0
Dyrh√≥laey Iceland,0
My Amateur Attempt at a Waterfall Long Exposure | Upper Lewis Falls Washington State x,1
Passage Trona Pinnacles Ca,1
Spring morning in Zion national park,0
Room with a View trail Squamish BC Canada ,0
Hazy views over the Cascades in Washingtonx,0
Sunny forest Estonia ,0
The darkest skies i have ever seen Far From the Light Lake Pukaki New Zeakand,0
Minnekhada Regional Park Canada,0
A Death Valley morning,1
Details Fox Glacier New Zealand   x,0
A nasty creek behind some tear-down mobile homes shot from my truck in Texas x,1
Smugglers Notch State Park Vermont ,1
Pristine waters in Glacier National Park Montana,1
Peek a Boo in Germany,0
Sunrise in Italy,0
Pharoah Lake Adirondack Park NY USA ,1
Summer in Atikokan Ontario Canada  ,0
Pajar del dievl Pianello di Cagli - Italy,0
Mount Rainer from Crystal Mountain ,0
Superstition Mountains near Apache Junction Arizona USA ,1
Arniston Western Cape South Africa It's a small town on the coast  resolution,0
View from the Alum Cave Trail,1
The Three Sisters Blue Mountains - Australia ,0
A valley in Fjord Norway last summer - looking forward when this lockdown is over more of this region in the comments,0
A forest in Gothenburg Sweden ,0
A winter day at Zion NP Utah,0
Fire and ice Vermilion OH  ,1
Pine Flats Lake Sierra National Forest CA ,1
Chilly Canmore AB sunrise ,0
San Rafael Swell Utah,1
Layers and waterfalls in Montana USA ,1
Some beautiful golden light in Sequoiax,0
A windy day in Kananaskis Country Alberta,0
Dramatic morning in remote Montana USA ,1
Coral Gables Florida,1
Sunset reflections on the Hayflats in Alaska,1
Fresh morning  chateaux Jura France 402x,0
Sunset on Taketomi Island Okinawa Japan Population  ,0
Partial rainbow in Glacier National Park USA ,1
The Moment I realized how beautiful the Allg√§u is,0
Hafravatn Iceland  ,0
Beautiful alpenglow over Seceda - Dolomites pete_ell,0
For anyone who saw my post yesterday - this is the view from the other side of Joe Lake Alpine Lakes Wilderness in WA via the Pacific Crest Trail,1
Devil's Golf Course Death Valley ,1
Sunrise in Twin Lakes CO ,1
Grand Tetons Morning,1
Moonset from inside a sea cave - Malibu California - ,1
This guy here at Pedestal Rocks in Arkansas looks like an old scholar keeping an eye on the mountains,1
Mt Rainier Reflection Lakes WA USA,0
Through the fog of the ancient forest Lake Waikaremoana New Zealand,0
Fall in Southern Wisconsin ,1
Alpine Lakes Wilderness in WA Taken on the Pacific Crest Trail ,1
Lassen National Park California ,1
Thousand Island Lake-Ansel Adams Wilderness CA Pacific Crest Trail  ,1
Ouachita National Forest Arkansas,1
Dry Creek Falls in Oregon,1
North Table Mtn Ecological Reserve yesterday afternoon,0
Microsoft Windows Desktop Like Picture at Aso Crater Kyushu Japan ,0
Always wonder how many beautiful spots exist scattered across countless little ponds like this Seryangji South Korea  x,0
Oahu Hawaii USA  princerphoto  ,1
An early morning on the trail Mt Hood National Forest Oregon ,1
Apostles Great Ocean Road - Victoria Australia,0
Spring sunset Ireland,0
California beach ,1
Rolling hills within the Great Sand Dunes NP CO,0
Moro Rock - Sequoia National Park  ,1
Sunrise over Bryce CanyonUT√ó,1
A Season is Coming to an End in Lofoten Norway,0
A Dark Day seen from Gap Bluff | Gap Bluff Australia ,1
Woodland trail through bluebells this morning in the Frome Valley Bristol UK,0
Bryce Canyon National Park - Taken from Bryce Point,1
Antelope Valley poppies,1
Picking blackberries for breakfast Aprilia,0
Evening rain over the Grand Canyon ,0
Sunset over the Columbia River Gorge Washigton State,0
A chilly October sunrise - Grand Teton National Park,1
Avenue of the Giants in Northern California taken in NOV  ,1
An old laurel tree in the fog forest of Madeira,0
Storm born Milford Sound New Zealand ,0
Ripples and Sunrise on Lake Camp NZ,0
View from Ben Lomond track New Zealand ,0
Popo eruption ,0
Himalyan Ranges Yume-Samdong  ,0
Top of 'Pico de las Nieves' Gran Canaria Tenerife in the background,0
The Matterhorn is reflected in the Stellisee about one hour before sunrise,0
A mountain Orion Aldebaran and Pleiades over Pulga Himachal Pradesh India,0
Sunset reflections at the Eagle river nature center in Alaska,1
Rainbow mountain ,0
Creek in Pirongia Forest Park Waikato New Zealand,0
Hard rain in Beech Mountain NC made for some gorgeous waterfalls,1
Snowy trees Estonia ,0
The Cocos Keeling Islands Australia,0
It's a beautiful day in the neighborhood Wyoming USA,1
Peering out The Window in Big Bend TX,0
South Chagrin Reservation Ohio  ,1
Misty Fjords National Monument earning its name in Rudyerd Bay Alaska ,1
A different kind of Milk Heaphy Track New Zealand ,0
Last light shining through Washington state,1
What if we could see in long exposure like cameras do? A milky way shot from New Zealand x,0
Summer sunshine Marina di Pisticci Italy,0
Palm Trees in Koh Chang Thailand ,0
The other-worldly landscape of Coyote Buttes South,1
The Salt River just downstream of the Saguaro Dam in Mesa AZ,1
Even more than spring flowers I always look forward to these beautiful spring greens Seryangji South Korea ,0
Glade Creek waterfall at Propps Ridge New Haven West Virginia Fayette county  ,1
Yesterday's Sunset BC Canada ,0
"Season of Life" near Gallup New Mexico  x,1
Sierra Alpine Moonset June Lake California,1
Aoraki/Mt Cook National Park New Zealand  ,0
View from the top of Sigiriya Sri Lanka,0
Endless desert in Saudi Arabia Taken at the Edge Of The World near Riyadh,0
Sunset from Tennent Mountain Art Loeb Trail Pisgah National Forest NC,1
Stirling Falls Milford Sound NZ,0
Aerial image over the Utah Badlands ,1
Endless Beauty in Northern Catskills | Upstate NY | ,1
Moon rising at Vilas North Carolina ,1
A sea of bluebells in a secret cove in the Ozarks ,1
One of the many breathtaking views of Glacier National Park Montana ,1
Havasu Falls Havasupai,1
A Hike In Portree Scotland,0
Cloudland Canyon State Park  Rising Fawn GA ,1
Sunrise in Monument Valley,1
Visapur FortIndia ,0
Clear mountain lakes are refreshing to the mind too Glacier National Park MT natureprofessor,1
At Sunset near Bright Angel Point Grand Canyon North Rim,0
Red Rock Canyon First Creek Trail,1
I woke up to this view of an incredibly dramatic peak in the Swiss Alps ,0
"The Spur" Great Smoky Mountains National Park,1
A waterfall somewhere in Arkansas,1
Great view from Lake Minnewanka Alberta Canada,0
Sunrise at Bacuit Bay Palawan Philippines  ,0
Aramoana Beach Dunedin New Zealand,0
 white mountains from the top of Mt Lafayette NH USA,1
Early morning biesbosch Netherlands  ,0
View at Traunsee Austria on the way to 'Katzenstein'  xpx,0
Two Medicine Lake Glacier National Park MO saundersdvm,1
I like this abstract earthporn like looking inside a crevasse on a glacier in Iceland more info about my abstract landscapes in the comments,0
Haunting Oak Woodland in Southern California ,1
I love cloudy days Inks Lake TX  X,1
Single image of the supermoon above Mt Hood from Happy Valley Oregon ,1
Milky Way over Feggeklit Denmark,0
Alpine Beauty Les Deux Alpes January  x,0
Sunrise at m on Mt Kinabalu Borneo  ,0
Sri Lanka west province,0
Aekingerzand during sunrise  ,0
Fallen tree in Shiratani Unsuiko on Yakushima Japan,0
Rio Verde Arizona after the rain ,1
A spring picture I took in the forest the other day  Denmark,0
Bryce Canyon National Park featuring our magnificent galaxy The Milky Way √ó,1
A glimpse of the natural beauty that used to cover the Sacramento Valley Willow Creek Folsom CA ,1
Milford Sound New Zealand ,0
Rolling Hills of Channel Islands National Park California United States ,1
Hv√≠tserkur,0
Sunset in the Lemaire Channel Antarctica ,0
Early April sunset breaking through turbulent clouds over the Ozarks ,0
Secluded lagoon off the East Fork Quinault Olympic National Park Wa,0
Missing climbing local peaks Roc d'Enfer Haute Savoie France ,0
Mt Potts Reflecting on Lake Camp NZ,0
South Island New Zealand road tripping through the fog  ,0
It's for the views like these that we go to the mountains for Uttarakhand India More details in comments,0
Skogafoss Iceland,0
Morning after the Storm in the Fjords Norway,0
"World on the Scales" Panorama of Giant Causeway in the Evening Northern Ireland United Kingdom ,0
The limestone cliffs of Scout Scar on a glorious spring day Scout Scar Lake District England ,1
Fall  in the Adirondacks mountains Giant Washbowl NY,1
River views in Southern Oregon ,1
This waterfall appeared overnight during a rainstorm when I was backpacking in New Zealand ,0
Hilly hills at Moko Hills West Java Indonesia ,0
Evening in Glacier National Park ,1
A lovely couple embraces under a starry night sky Daedunsan South Korea ,0
Post storm sunset in Arizona over the weekend provided some excellent light! F/ /5  x,1
Wall of Windows Bryce Canyon National Park Utah ,1
"Gold Dusk" at Joshua Tree California ,1
Stream To Nordenskj√∂ld Lake ,0
Germany on a foggy day  ,0
Unknown glacier New Zealand South Island  ,0
