Estes Park Colorado ,1
The most beautiful mountain range in the Dolomites,0
Sunset burns over Reflections lake in Alaska,1
Bloodmoon Canyon - Original composited Lunar Eclipse and Slot Canyon - Shared earlier without Cred Original Artist   ,0
Sunset reflections in Wasilla Alaska,1
Kootenai Falls MT,1
Sunset Over Lake Superior ,0
Devils Punchbowl Waterfall Arthur's Pass NZ,0
The Ghost Mountains Kamchatka Photo Isabella Tabacchi OS,0
Hidden cove at Oswald West Park Oregon,1
Lake Matheson NZ ,0
Black basalt waterfall at Svartifoss Iceland,0
Port Orford Oregon at sunset ,1
Rattlesnake Lake North Bend WA ,1
Took a hike through the photo archives and found myself in Glacier National Park,1
The water of Lake Louise is as clear as glass Banff National Park,0
Sunrise at Tanay Rizal Philippines ,0
The Grand Canyon Arizona,1
Sunset at Ecola National Park Oregon,1
Looking forward to summer again Gimmelwald Switzerland,0
Warm light flooding the Sebalder Reichswald near Nuremberg,0
Views of Denali and the Alaska Range,1
Richea scoparia on kunanyi/Mt Wellington - Tasmania Australia ,0
Shymbulak mountain Kazakhstan,0
Picos de Europa Asturias Spain  ,0
Gunnison Colorado ,1
Spring Flower at Sunrise in Arizona,1
The forest reclaiming the mountainside Glacier National Park Montana,1
A soft sunset at the UK's Pulpit Rock in Dorset ,0
years old English oak Wiltshire UK ,0
